insurer,product_source,status,note
Assurances General Laos,https://www.agl.com.la/,Captured,Current insurer product listing
Bangkok Insurance (Lao),https://www.bkilao.com/products.html,Captured,Category listing only
Champa Insurance,https://www.champa.com.la/,Needs follow-up,Website inaccessible in research browser
Forte Laos,https://www.forteinsurance.com/media/4425/forte-group-corporate-profile-2024-2.pdf,Captured,Laos-specific insurance lines only
Lanexang Assurance Public Company,https://www.lap.com.la/,Captured,Three named motor-related products
Lao-Viet Insurance,https://www.lvi.la/en,Captured,Named online variants and public prices
MSIG Sokxay Insurance,https://msig-sokxay.com/en/insurance-products/,Captured,Insurer product collection
Phongsavanh Insurance (APA),https://apa.com.la/,Captured,Named product pages
Prudential Laos,https://www.prudential.la/corp/prudential-la/en/life-insurance/,Captured,Named life products and riders
TKI General Insurance,https://tki-insurance.com/?lang=en,Entity check needed,Shared TKI website does not clearly attribute each line to legal entity
TKI Life Insurance,https://tki-insurance.com/?lang=en,Entity check needed,Shared TKI website does not clearly attribute each line to legal entity
Vientiane Insurance,,Needs follow-up,No dependable public product page found
Zhongji Insurance,,Needs follow-up,No dependable public product page found
Indochina Insurance,https://icilaos.com/,Captured,Category listing only; appears outside the directory sample
Laovivat Insurance,https://laovivat.com/,Captured,Category listing only; appears outside the directory sample
ST-Muang Thai General Insurance,https://www.stmtins.com/,Availability check needed,June 2026 notice concerning transfer of non-life policies
ST-Muang Thai Life Assurance,https://www.stmuangthai.com/,Needs follow-up,Site timed out in research browser
Dhipaya Laos,https://dhipaya.la/,Needs follow-up,Site showed internal systems rather than public catalog
